{
    "customer_ID": "f56fdbc843bc02ad4dbc20e61b493d6905126d692eec79bb1e18bb63e61a4b76",
    "B_16": 0.1683122615936458,
    "B_23": 0.020589636817371,
    "B_3": 0.0187345221097178,
    "B_30=0.0": 1.0,
    "B_30=1.0": 0.0,
    "B_30=2.0": 0.0,
    "B_38=1.0": 0.0,
    "B_38=2.0": 1.0,
    "B_38=3.0": 0.0,
    "B_38=4.0": 0.0,
    "B_38=5.0": 0.0,
    "B_38=6.0": 0.0,
    "B_38=7.0": 0.0,
    "B_7": 0.030808470113386,
    "B_9": 0.0213623699449047,
    "D_114=0.0": 0.0,
    "D_114=1.0": 1.0,
    "D_116=0.0": 1.0,
    "D_116=1.0": 0.0,
    "D_117=-1.0": 0.0,
    "D_117=1.0": 0.0,
    "D_117=2.0": 0.0,
    "D_117=3.0": 1.0,
    "D_117=4.0": 0.0,
    "D_117=5.0": 0.0,
    "D_117=6.0": 0.0,
    "D_120=0.0": 1.0,
    "D_120=1.0": 0.0,
    "D_126=-1.0": 0.0,
    "D_126=0.0": 0.0,
    "D_126=1.0": 1.0,
    "D_44": 0.0096977284989766,
    "D_48": 0.0566975983295227,
    "D_55": 0.0407420703650585,
    "D_58": 0.0038394008873149,
    "D_63=CL": 0.0,
    "D_63=CO": 1.0,
    "D_63=CR": 0.0,
    "D_63=XL": 0.0,
    "D_63=XM": 0.0,
    "D_63=XZ": 0.0,
    "D_64=-1": 0.0,
    "D_64=None": 0.0,
    "D_64=O": 1.0,
    "D_64=R": 0.0,
    "D_64=U": 0.0,
    "D_66=0.0": 0.0,
    "D_66=1.0": 1.0,
    "D_68=0.0": 0.0,
    "D_68=1.0": 0.0,
    "D_68=2.0": 0.0,
    "D_68=3.0": 0.0,
    "D_68=4.0": 0.0,
    "D_68=5.0": 0.0,
    "D_68=6.0": 1.0,
    "D_75": 0.0736767913339709,
    "prediction": 0.01797023043036461
}