{
    "customer_ID": "f56fdbc843bc02ad4dbc20e61b493d6905126d692eec79bb1e18bb63e61a4b76",
    "S_2": "2018-11-27",
    "P_2": 0.8745903884882499,
    "D_39": 0.6210223555173077,
    "B_1": 0.0602060507021873,
    "B_2": 1.0080466491074815,
    "R_1": 0.0050760663523004,
    "S_3": 0.2465388180385714,
    "D_41": 0.0006423326987622,
    "B_3": 0.0187345221097178,
    "D_42": 0.1621766654575188,
    "D_43": 0.2235798773433046,
    "D_44": 0.0096977284989766,
    "B_4": 0.0256758040156655,
    "D_45": 0.0897301996425708,
    "B_5": 0.0130921136779265,
    "R_2": 0.0062248976765931,
    "D_46": 0.4081994893735312,
    "D_47": 0.6098234107912519,
    "D_48": 0.0566975983295227,
    "D_49": 0.13023217459063297,
    "B_6": 0.2354694597391825,
    "B_7": 0.030808470113386,
    "B_8": 1.00771350420267,
    "D_50": 0.09657722535754334,
    "D_51": 0.0036947459669885,
    "B_9": 0.0213623699449047,
    "R_3": 0.2062335217045449,
    "D_52": 0.2116736944971911,
    "P_3": 0.5728673142165563,
    "B_10": 0.249120602506333,
    "D_53": 0.0183316276488466,
    "S_5": 0.0700143258669029,
    "B_11": 0.0350746747124699,
    "S_6": 0.0083713262470022,
    "D_54": 1.004193171612428,
    "R_4": 0.0097577773417027,
    "S_7": 0.3171567312485419,
    "B_12": 0.0150889699279623,
    "S_8": 0.4658821018212213,
    "D_55": 0.0407420703650585,
    "D_56": 0.13540451306203966,
    "B_13": 0.0228097773778548,
    "R_5": 0.0096504902039891,
    "D_58": 0.0038394008873149,
    "S_9": 0.0203778582359019,
    "B_14": 0.0151587545429176,
    "D_59": 0.6075361130830017,
    "D_60": 0.1923768257464163,
    "D_61": 0.0352676711302072,
    "B_15": 0.0036478685026324,
    "S_11": 0.3292430300067436,
    "D_62": 0.207317861480446,
    "D_63": "CO",
    "D_64": "O",
    "D_65": 0.0020518837963838,
    "B_16": 0.1683122615936458,
    "B_17": 0.9538993593743764,
    "B_18": 1.0028649360216906,
    "B_19": 0.0009125157458028,
    "D_66": "1.0",
    "B_20": 0.0614059537893593,
    "D_68": "6.0",
    "S_12": 0.1915095735160657,
    "R_6": 0.0031500863779268,
    "S_13": 0.0090010600982758,
    "B_21": 0.0068147826607222,
    "D_69": 0.0094897479076224,
    "B_22": 0.0072198822308707,
    "D_70": 0.0059928809373299,
    "D_71": 0.009388399016471,
    "D_72": 0.0082024144006975,
    "S_15": 0.0017784626876895,
    "B_23": 0.020589636817371,
    "D_73": 0.0928062905832035,
    "P_4": 0.0055962841248806,
    "D_74": 0.0046823014097846,
    "D_75": 0.0736767913339709,
    "D_76": 0.045015342053826055,
    "B_24": 0.0071111827023808,
    "R_7": 0.0034215183453442,
    "D_77": 0.1980037819709272,
    "B_25": 0.0255378871021498,
    "B_26": 0.0060103728181282,
    "D_78": 0.0004068979081844,
    "D_79": 0.0022506794754594,
    "R_8": 0.0017494414833367,
    "R_9": 0.17274491927996855,
    "S_16": 0.0065613494295425,
    "D_80": 0.2039303419668512,
    "R_10": 0.0086893760960192,
    "R_11": 0.0029641181018589,
    "B_27": 0.0060658458718153,
    "D_81": 0.0078149805358177,
    "D_82": 0.5044568624222228,
    "S_17": 0.0093512878753045,
    "R_12": 1.0076433687995707,
    "B_28": 0.030746145545185,
    "R_13": 0.0089504720871653,
    "D_83": 0.0031108511604534,
    "R_14": 0.0021240593897477,
    "R_15": 0.000784014651439,
    "D_84": 0.0026043486787643,
    "R_16": 0.0050944629269901,
    "B_29": 0.0051164165023025,
    "B_30": "0.0",
    "S_18": 0.0025971212896438,
    "D_86": 0.0095530985523849,
    "D_87": 1.0,
    "R_17": 0.0042835766015894,
    "R_18": 0.0037351923107875,
    "D_88": 0.0986859055288452,
    "B_31": 1.0,
    "S_19": 0.0069112931721745,
    "R_19": 0.0051707406855676,
    "B_32": 0.0082164075216773,
    "S_20": 0.0089420087478866,
    "R_20": 0.0089644971843918,
    "R_21": 0.0003261643644704,
    "B_33": 0.0020461585170155,
    "D_89": 0.008213927741254,
    "R_22": 0.0062613739525625,
    "R_23": 0.0026083180467388,
    "D_91": 0.0060578809368941,
    "D_92": 0.0074137675040575,
    "D_93": 0.0010709633116604,
    "D_94": 0.0074831751093902,
    "R_24": 0.0075400020513815,
    "R_25": 0.0012586986682416,
    "D_96": 0.0060210104743049,
    "S_22": 0.931452436271828,
    "S_23": 0.1335264994006502,
    "S_24": 0.9446573562049296,
    "S_25": 0.9699046217410524,
    "S_26": 0.0047388922975988,
    "D_102": 0.0036502305038796,
    "D_103": 0.0053532869473566,
    "D_104": 0.0076199199004578,
    "D_105": 0.3270153536864096,
    "D_106": 0.136178372274421,
    "D_107": 0.0096130013954281,
    "B_36": 0.001336304246401,
    "B_37": 0.0528208284370801,
    "R_26": 0.0399144279628122,
    "R_27": 1.0037330634364932,
    "B_38": "2.0",
    "D_108": 0.00542727551361715,
    "D_109": 0.0043314817919346,
    "D_110": 0.9140349712683826,
    "D_111": 1.0038463179702597,
    "B_39": 0.1454252688789515,
    "D_112": 1.0022969499856162,
    "B_40": 0.0175016724033324,
    "S_27": 0.002942735446617,
    "D_113": 3.434464853913077e-05,
    "D_114": "1.0",
    "D_115": 0.840425428861388,
    "D_116": "0.0",
    "D_117": "3.0",
    "D_118": 0.8278706404340376,
    "D_119": 0.836738048651236,
    "D_120": "0.0",
    "D_121": 0.7351695644517099,
    "D_122": 0.8630594611363044,
    "D_123": 0.0026010329590518,
    "D_124": 0.1420310441686756,
    "D_125": 0.0087448007483858,
    "D_126": "1.0",
    "D_127": 0.0081234445264658,
    "D_128": 1.0020296931808397,
    "D_129": 0.0050931196827447,
    "B_41": 0.0063607624223966,
    "B_42": 0.01180305692603765,
    "D_130": 0.0019098098883717,
    "D_131": 0.0076384016903445,
    "D_132": 0.1554820735762659,
    "D_133": 0.0090645979526063,
    "R_28": 0.0049782458675217,
    "D_134": 0.21912471679832465,
    "D_135": 0.00511368416476665,
    "D_136": 0.254032004465663,
    "D_137": 0.00507585467069925,
    "D_138": 0.0070572760610221,
    "D_139": 0.0092661926677329,
    "D_140": 0.0052397665969569,
    "D_141": 0.0050838636080755,
    "D_142": 0.36516402926921016,
    "D_143": 0.0026120871924252,
    "D_144": 0.0020638860472874,
    "D_145": 0.0094277282853044
}