{
    "customer_ID": "7227999c451bccd47fd7217264230fbc1e915e0412b8f202d00fadc574e5c9e5",
    "S_2": "2019-07-17",
    "P_2": 0.3586098581860351,
    "D_39": 0.2429578694422227,
    "B_1": 0.3583952174921768,
    "B_2": 0.0953177642610388,
    "R_1": 0.0033901060240643,
    "S_3": 0.1707965185117404,
    "D_41": 0.1450194648004095,
    "B_3": 0.2349044375159391,
    "D_42": 0.1621766654575188,
    "D_43": 0.109175968773646,
    "D_44": 0.1276285507329823,
    "B_4": 0.3916839292988205,
    "D_45": 0.0563453601611122,
    "B_5": 0.0385746739586299,
    "R_2": 7.905625699993424e-05,
    "D_46": 0.4970827720014552,
    "D_47": 0.095057785933341,
    "D_48": 0.7300253349711971,
    "D_49": 0.13023217459063297,
    "B_6": 0.0103632699246374,
    "B_7": 0.484964888157613,
    "B_8": 1.0042370797231006,
    "D_50": 0.09657722535754334,
    "D_51": 0.0050963291444704,
    "B_9": 0.5627052783419267,
    "R_3": 0.0015487056804776,
    "D_52": 0.116876252561413,
    "P_3": 0.5801928871602812,
    "B_10": 0.0153442828262665,
    "D_53": 0.0183316276488466,
    "S_5": 0.4715334175262458,
    "B_11": 0.3240620251671904,
    "S_6": 3.850510086428328e-06,
    "D_54": 1.0042494828536055,
    "R_4": 0.0003290437293271,
    "S_7": 0.1312773883076604,
    "B_12": 0.0218706839170567,
    "S_8": 0.0041604644691701,
    "D_55": 0.6693953375364032,
    "D_56": 0.13540451306203966,
    "B_13": 0.0125189676136435,
    "R_5": 0.0004064941862884,
    "D_58": 0.2648242860829419,
    "S_9": 0.0079374568550861,
    "B_14": 0.1524365691475454,
    "D_59": 0.4168809393069844,
    "D_60": 0.3921528206723418,
    "D_61": 0.6761834917678605,
    "B_15": 0.0030517190505692,
    "S_11": 0.6497490656123711,
    "D_62": 0.0544182569209031,
    "D_63": "CO",
    "D_64": "U",
    "D_65": 0.0049502830231636,
    "B_16": 1.0045591135869023,
    "B_17": 0.9601171417614024,
    "B_18": 0.1516555156263527,
    "B_19": 0.3377259202658574,
    "D_66": "1.0",
    "B_20": 1.0028590563706474,
    "D_68": "3.0",
    "S_12": 0.1887020090213663,
    "R_6": 0.0085515393010346,
    "S_13": 0.0020055925467473,
    "B_21": 0.0048186367982077,
    "D_69": 0.0014122182195622,
    "B_22": 0.500728001753834,
    "D_70": 0.2519411179182402,
    "D_71": 0.0020082601437432,
    "D_72": 0.0022644952136908,
    "S_15": 0.5099903308193343,
    "B_23": 0.4492126074588625,
    "D_73": 0.0928062905832035,
    "P_4": 0.0011867796406844,
    "D_74": 0.0799644558437005,
    "D_75": 0.1350210787357962,
    "D_76": 0.045015342053826055,
    "B_24": 0.0011330770818331,
    "R_7": 0.0060547674073839,
    "D_77": 0.14842792005784586,
    "B_25": 0.2619754570389517,
    "B_26": 0.008541843138181,
    "D_78": 0.0006694970825455,
    "D_79": 0.004505744434077,
    "R_8": 0.0021303683818566,
    "R_9": 0.17274491927996855,
    "S_16": 3.098332536662696e-05,
    "D_80": 0.0034382752882657,
    "R_10": 0.0086996350973129,
    "R_11": 0.0078039811836855,
    "B_27": 0.0050919705079289,
    "D_81": 0.0035579695574803,
    "D_82": 0.5044568624222228,
    "S_17": 0.0003381651428736,
    "R_12": 1.005761916858558,
    "B_28": 0.1790744877745234,
    "R_13": 0.0030204728662792,
    "D_83": 0.001251714251059,
    "R_14": 0.0009432808386528,
    "R_15": 0.0092469980623135,
    "D_84": 0.0081011632505554,
    "R_16": 0.0007450541935502,
    "B_29": 0.0006113466955946,
    "B_30": "0.0",
    "S_18": 0.0028513672292889,
    "D_86": 0.009763247570212,
    "D_87": 1.0,
    "R_17": 0.0068850027569224,
    "R_18": 0.0073924600286892,
    "D_88": 0.0986859055288452,
    "B_31": 1.0,
    "S_19": 0.0083749103012547,
    "R_19": 0.0016516264301739,
    "B_32": 0.0035902490086697,
    "S_20": 0.0037159677296105,
    "R_20": 0.0001558176148999,
    "R_21": 0.008261943304909,
    "B_33": 0.007525452531232,
    "D_89": 0.009875562049124,
    "R_22": 0.0068406127862427,
    "R_23": 7.187675405125438e-05,
    "D_91": 0.0091800352994306,
    "D_92": 0.0002629581223027,
    "D_93": 0.0089214666279461,
    "D_94": 0.0014412323505555,
    "R_24": 0.0020459591328669,
    "R_25": 0.0068452384351372,
    "D_96": 0.0011829560486472,
    "S_22": 0.9795328338351124,
    "S_23": 0.9214206786853129,
    "S_24": 0.983818531826445,
    "S_25": 1.1033917634445287,
    "S_26": 0.0177839682031599,
    "D_102": 0.0052070319725442,
    "D_103": 0.0050964740893236,
    "D_104": 0.008944385051519,
    "D_105": 0.3270153536864096,
    "D_106": 0.136178372274421,
    "D_107": 0.0034659207706978,
    "B_36": 0.0025414672642153,
    "B_37": 0.3524753759976348,
    "R_26": 0.0399144279628122,
    "R_27": 1.0052366070528738,
    "B_38": "7.0",
    "D_108": 0.00542727551361715,
    "D_109": 0.00507837283686,
    "D_110": 0.9140349712683826,
    "D_111": 1.0038463179702597,
    "B_39": 0.1454252688789515,
    "D_112": 0.0113595785909022,
    "B_40": 0.4513221453079504,
    "S_27": 0.0094858410340478,
    "D_113": 0.400197190928434,
    "D_114": "0.0",
    "D_115": 0.0390426345510227,
    "D_116": "0.0",
    "D_117": "3.0",
    "D_118": 0.0344456955056965,
    "D_119": 0.035874572200143,
    "D_120": "0.0",
    "D_121": 0.0316454305953405,
    "D_122": 0.1451692530124666,
    "D_123": 0.0089451464541906,
    "D_124": 0.0462857060982274,
    "D_125": 0.0015899895659842,
    "D_126": "0.0",
    "D_127": 0.0011255877541234,
    "D_128": 0.0062979551822171,
    "D_129": 0.0098183645696589,
    "B_41": 0.0027277126739743,
    "B_42": 0.01180305692603765,
    "D_130": 0.0099723455372162,
    "D_131": 0.0057050719400349,
    "D_132": 0.1554820735762659,
    "D_133": 0.0053857635993754,
    "R_28": 0.0061294985241684,
    "D_134": 0.21912471679832465,
    "D_135": 0.00511368416476665,
    "D_136": 0.254032004465663,
    "D_137": 0.00507585467069925,
    "D_138": 0.0070572760610221,
    "D_139": 0.0087970348453555,
    "D_140": 0.001967942809985,
    "D_141": 0.0069708155556149,
    "D_142": 0.36516402926921016,
    "D_143": 0.0070432485534681,
    "D_144": 0.0098814206187844,
    "D_145": 0.0023737131025151
}